{
  "project_info": {
    "project_number": "322702556447",
    "project_id": "to-do-jf1sa8",
    "storage_bucket": "to-do-jf1sa8.appspot.com"
  },
  "client": [
    {
      "client_info": {
        "mobilesdk_app_id": "1:322702556447:android:7441a8de3ac57be193042a",
        "android_client_info": {
          "package_name": "com.mycompany.todo"
        }
      },
      "oauth_client": [],
      "api_key": [
        {
          "current_key": "AIzaSyDMyR2CT6jYp99fMyhi6Vg8MfITTqCTUlc"
        }
      ],
      "services": {
        "appinvite_service": {
          "other_platform_oauth_client": []
        }
      }
    }
  ],
  "configuration_version": "1"
}